0,
1,0 days 00:44:00.000000000
2,
3,
4,
5,
6,
7,
8,
9,
10,
11,
12,
13,
14,
15,0 days 00:38:00.000000000
16,
17,
18,
19,
20,
21,
22,
23,
24,
25,
26,
27,
28,
29,
30,
31,
32,
33,
34,
35,
36,
37,
38,
39,
40,
41,
42,
43,
44,
45,
46,
47,
48,
49,
50,0 days 00:41:00.000000000
51,0 days 01:00:00.000000000
52,0 days 00:41:00.000000000
53,0 days 01:00:00.000000000
54,0 days 00:41:00.000000000
55,0 days 01:00:00.000000000
56,0 days 00:41:00.000000000
57,0 days 01:00:00.000000000
58,0 days 00:41:00.000000000
59,0 days 01:00:00.000000000
60,0 days 00:41:00.000000000
61,0 days 01:00:00.000000000
62,0 days 00:41:00.000000000
63,0 days 01:00:00.000000000
64,0 days 00:41:00.000000000
65,0 days 01:00:00.000000000
66,
67,
68,
69,
70,
71,
72,
73,
74,
75,
76,
77,
78,
79,
80,
81,
82,
83,
84,0 days 01:00:00.000000000
85,0 days 01:00:00.000000000
86,0 days 01:00:00.000000000
87,
88,
89,
90,
91,0 days 00:34:00.000000000
92,0 days 00:35:00.000000000
93,0 days 00:53:00.000000000
94,
95,
96,0 days 00:36:00.000000000
97,0 days 00:25:00.000000000
98,0 days 00:36:00.000000000
99,0 days 00:25:00.000000000
100,
101,0 days 00:31:00.000000000
102,0 days 00:49:00.000000000
103,0 days 00:48:00.000000000
104,0 days 00:55:00.000000000
105,0 days 00:31:00.000000000
106,0 days 00:49:00.000000000
107,0 days 00:48:00.000000000
108,0 days 00:55:00.000000000
109,
110,
111,
112,
113,
114,
115,
116,
117,
118,0 days 00:53:00.000000000
119,
120,
121,
122,
123,
124,
125,
126,
127,
128,
129,
130,
131,
132,
133,
134,
135,0 days 00:24:00.000000000
136,0 days 00:27:00.000000000
137,0 days 00:32:00.000000000
138,0 days 00:37:00.000000000
139,
140,
141,
142,
143,
144,
145,0 days 01:02:00.000000000
146,0 days 01:12:00.000000000
147,0 days 01:02:00.000000000
148,0 days 01:12:00.000000000
149,0 days 01:02:00.000000000
150,0 days 01:12:00.000000000
151,0 days 01:02:00.000000000
152,0 days 01:12:00.000000000
153,
154,
155,
156,
157,
158,
159,
160,
161,
162,
163,
164,
165,
166,
167,
168,
169,
170,
171,
172,
173,
174,
175,
176,
177,
178,
179,
180,
181,
182,
183,
184,
185,
186,
187,
188,
189,
190,
191,
192,
193,
194,
195,
196,
197,
198,
199,
200,
201,
202,0 days 00:52:00.000000000
203,0 days 00:51:00.000000000
204,0 days 00:44:00.000000000
205,0 days 00:52:00.000000000
206,0 days 00:51:00.000000000
207,0 days 00:44:00.000000000
208,0 days 00:52:00.000000000
209,0 days 00:51:00.000000000
210,0 days 00:44:00.000000000
211,
212,
213,
214,0 days 00:47:00.000000000
215,0 days 00:47:00.000000000
216,0 days 00:47:00.000000000
217,0 days 00:47:00.000000000
218,
219,
220,
221,
222,
223,
224,
225,
226,
227,
228,0 days 00:51:00.000000000
229,
230,
231,
232,
233,
234,
235,
236,
237,
238,
239,
240,
241,
242,0 days 00:20:00.000000000
243,0 days 00:20:00.000000000
244,
245,
246,
247,
248,
249,
250,
251,
252,
253,
254,0 days 00:28:00.000000000
255,
256,
257,
258,0 days 00:26:00.000000000
259,0 days 00:26:00.000000000
260,
261,0 days 00:33:00.000000000
262,0 days 00:29:00.000000000
263,0 days 00:33:00.000000000
264,0 days 00:29:00.000000000
265,0 days 00:33:00.000000000
266,0 days 00:29:00.000000000
267,0 days 00:33:00.000000000
268,0 days 00:29:00.000000000
269,0 days 00:33:00.000000000
270,0 days 00:29:00.000000000
271,0 days 00:33:00.000000000
272,0 days 00:29:00.000000000
273,0 days 00:33:00.000000000
274,0 days 00:29:00.000000000
275,0 days 00:33:00.000000000
276,0 days 00:29:00.000000000
277,
278,
279,
280,
281,
282,
283,
284,
285,
286,
287,
288,
289,
290,
291,0 days 00:58:00.000000000
292,0 days 00:58:00.000000000
293,
294,
295,
296,
297,
298,
299,
300,0 days 00:32:00.000000000
301,0 days 00:32:00.000000000
302,0 days 00:44:00.000000000
303,
304,
305,
306,
307,
308,
309,
310,
311,
312,
313,
314,
315,
316,0 days 00:55:00.000000000
317,0 days 01:04:00.000000000
318,
319,
320,
321,
322,
323,
324,
325,
326,
327,
328,0 days 00:40:00.000000000
329,0 days 00:24:00.000000000
330,0 days 00:25:00.000000000
331,0 days 00:40:00.000000000
332,0 days 00:24:00.000000000
333,0 days 00:25:00.000000000
334,0 days 00:40:00.000000000
335,0 days 00:24:00.000000000
336,0 days 00:25:00.000000000
337,0 days 00:40:00.000000000
338,0 days 00:24:00.000000000
339,0 days 00:25:00.000000000
340,0 days 00:40:00.000000000
341,0 days 00:24:00.000000000
342,0 days 00:25:00.000000000
343,0 days 00:40:00.000000000
344,0 days 00:24:00.000000000
345,0 days 00:25:00.000000000
346,
347,
348,
349,
350,
351,
352,
353,
354,0 days 00:37:00.000000000
355,0 days 00:24:00.000000000
356,0 days 01:03:00.000000000
357,0 days 00:37:00.000000000
358,0 days 00:24:00.000000000
359,0 days 01:03:00.000000000
360,0 days 00:37:00.000000000
361,0 days 00:24:00.000000000
362,0 days 01:03:00.000000000
363,
364,
365,
366,
367,
368,
369,
370,
371,
372,
373,
374,
375,
376,
377,
378,
379,
380,
381,
382,
383,
384,
385,
386,
387,
388,
389,
390,
391,
392,
393,
394,
395,
396,
397,
398,
399,
400,
401,
402,
403,
404,
405,
406,
407,
408,
409,
410,
411,
412,0 days 00:56:00.000000000
413,
414,
415,
416,
417,
418,
419,
420,
421,
422,
423,
424,
425,
426,
427,
428,
429,
430,
431,
432,
433,
434,
435,
436,
437,
438,
439,
440,
441,
442,
443,
444,
445,
446,
447,
448,
449,
450,
451,
452,
453,
454,
455,
456,
457,
458,0 days 01:12:00.000000000
459,0 days 00:29:00.000000000
460,0 days 00:52:00.000000000
461,0 days 01:08:00.000000000
462,0 days 00:52:00.000000000
463,0 days 01:08:00.000000000
464,
465,
466,
467,
468,
469,
470,
471,
472,
473,
474,
475,
476,
477,
478,
479,
480,
481,
482,0 days 00:12:00.000000000
483,0 days 00:31:00.000000000
484,0 days 00:12:00.000000000
485,0 days 00:31:00.000000000
486,
487,
488,
489,
490,
491,
492,
493,
494,
495,
496,
497,
498,
499,
500,
501,
502,
503,
504,
505,
506,0 days 00:49:00.000000000
507,0 days 00:49:00.000000000
508,
509,0 days 00:50:00.000000000
510,0 days 00:50:00.000000000
511,
512,0 days 00:41:00.000000000
513,
514,
515,
516,
517,
518,
519,
520,
521,
522,
523,
524,
525,
526,
527,
528,
529,
530,
531,
532,
533,
534,
535,
536,
537,
538,
539,
540,
541,
542,
543,
544,
545,
546,
547,
548,
549,
550,
551,
552,
553,
554,
555,
556,
557,0 days 00:29:00.000000000
558,0 days 00:29:00.000000000
559,
560,0 days 00:20:00.000000000
561,0 days 00:20:00.000000000
562,0 days 00:32:00.000000000
563,0 days 00:32:00.000000000
564,0 days 00:29:00.000000000
565,0 days 00:29:00.000000000
566,
567,
568,
569,
570,
571,
572,
573,
574,
575,
576,
577,
578,
579,
580,
581,
582,
583,
584,
585,
586,
587,
588,
589,
590,
591,
592,
593,
594,
595,
596,
597,
598,
599,
600,
601,
602,
603,
604,
605,
606,
607,
608,
609,
610,
611,
612,
613,0 days 00:43:00.000000000
614,0 days 00:35:00.000000000
615,0 days 00:43:00.000000000
616,0 days 00:35:00.000000000
617,0 days 00:43:00.000000000
618,0 days 00:35:00.000000000
619,0 days 00:43:00.000000000
620,0 days 00:35:00.000000000
621,
622,0 days 01:05:00.000000000
623,0 days 01:01:00.000000000
624,0 days 01:05:00.000000000
625,0 days 01:01:00.000000000
626,
627,
628,
629,
630,
631,0 days 01:10:00.000000000
632,0 days 01:10:00.000000000
633,
634,
635,
636,
637,
638,
639,0 days 00:16:00.000000000
640,0 days 00:22:00.000000000
641,0 days 00:38:00.000000000
642,0 days 00:16:00.000000000
643,0 days 00:22:00.000000000
644,0 days 00:38:00.000000000
645,
646,
647,
648,
649,
650,
651,
652,0 days 00:21:00.000000000
653,
654,
655,
656,
657,
658,0 days 00:53:00.000000000
659,0 days 00:53:00.000000000
660,
661,
662,
663,
664,
665,
666,
667,
668,
669,
670,
671,
672,
673,
674,
675,
676,
677,
678,0 days 00:53:00.000000000
679,
680,
681,
682,
683,
684,
685,
686,0 days 00:57:00.000000000
687,
688,
689,
690,
691,
692,
693,
694,
695,0 days 00:51:00.000000000
696,
697,
698,
699,0 days 00:14:00.000000000
700,0 days 01:06:00.000000000
701,0 days 00:14:00.000000000
702,0 days 01:06:00.000000000
703,0 days 00:14:00.000000000
704,0 days 01:06:00.000000000
705,0 days 00:14:00.000000000
706,0 days 01:06:00.000000000
707,
708,
709,
710,
711,
712,
713,
714,
715,
716,
717,
718,0 days 00:33:00.000000000
719,0 days 00:26:00.000000000
720,0 days 00:23:00.000000000
721,0 days 00:16:00.000000000
722,0 days 00:33:00.000000000
723,0 days 00:26:00.000000000
724,0 days 00:23:00.000000000
725,0 days 00:16:00.000000000
726,
727,
728,
729,
730,
731,
732,
733,
734,
735,
736,
737,
738,
739,
740,0 days 00:39:00.000000000
741,
742,
743,0 days 00:24:00.000000000
744,0 days 00:24:00.000000000
745,
746,
747,
748,
749,
750,
751,
752,
753,
754,
755,
756,
757,
758,
759,
760,
761,
762,
763,
764,
765,
766,
767,
768,0 days 00:47:00.000000000
769,
770,
771,
772,
773,
774,
775,
776,
777,
778,0 days 00:35:00.000000000
779,
780,
781,
782,
783,
784,
785,
786,0 days 01:12:00.000000000
787,0 days 01:12:00.000000000
788,
789,0 days 00:43:00.000000000
790,
791,
792,
793,
794,
795,
796,
797,
798,
799,
800,
801,
802,
803,
804,
805,
806,
807,
808,
809,
810,
811,
812,
813,
814,
815,
816,
817,0 days 00:29:00.000000000
818,
819,
820,
821,
822,
823,
824,
825,
826,
827,
828,
829,0 days 00:54:00.000000000
830,0 days 00:34:00.000000000
831,0 days 00:57:00.000000000
832,0 days 00:54:00.000000000
833,0 days 00:34:00.000000000
834,0 days 00:57:00.000000000
835,0 days 00:54:00.000000000
836,0 days 00:34:00.000000000
837,0 days 00:57:00.000000000
838,0 days 00:22:00.000000000
839,0 days 00:28:00.000000000
840,0 days 00:22:00.000000000
841,0 days 00:28:00.000000000
842,0 days 00:22:00.000000000
843,0 days 00:28:00.000000000
844,0 days 00:22:00.000000000
845,0 days 00:28:00.000000000
846,
847,
848,
849,
850,
851,
852,0 days 00:55:00.000000000
853,0 days 00:55:00.000000000
854,0 days 00:55:00.000000000
855,0 days 00:55:00.000000000
856,
857,
858,
859,
860,
861,
862,
863,
864,
865,0 days 00:59:00.000000000
866,0 days 00:26:00.000000000
867,0 days 00:59:00.000000000
868,0 days 00:26:00.000000000
869,
870,
871,
872,
873,
874,
875,
876,
877,
878,
879,
880,
881,
882,
883,
884,
885,
886,
887,0 days 00:55:00.000000000
888,
889,
890,
891,
892,
893,
894,
895,
896,
897,
898,
899,
900,
901,
902,
903,
904,
905,
906,
907,
908,
909,
910,
911,
912,
913,
914,
915,
916,
917,
918,0 days 00:56:00.000000000
919,0 days 00:52:00.000000000
920,
921,
922,0 days 00:37:00.000000000
923,0 days 00:46:00.000000000
924,
925,
926,
927,
928,
929,
930,
931,
932,
933,
934,0 days 00:31:00.000000000
935,
936,
937,0 days 00:33:00.000000000
938,0 days 00:33:00.000000000
939,
940,
941,0 days 00:51:00.000000000
942,0 days 00:51:00.000000000
943,0 days 00:51:00.000000000
944,0 days 00:51:00.000000000
945,0 days 00:51:00.000000000
946,0 days 00:51:00.000000000
947,0 days 00:51:00.000000000
948,0 days 00:51:00.000000000
949,
950,
951,
952,
953,
954,0 days 00:35:00.000000000
955,0 days 00:33:00.000000000
956,
957,
958,
959,
960,
961,
962,
963,
964,
965,
966,
967,
968,
969,
970,
971,
972,
973,
974,
975,0 days 01:00:00.000000000
976,
977,
978,
979,
980,
981,
982,
983,
984,
985,0 days 00:30:00.000000000
986,0 days 00:30:00.000000000
987,
988,
989,
990,
991,
992,
993,
994,
995,
996,
997,
998,
999,
1000,
1001,
1002,
1003,
1004,
1005,
1006,
1007,0 days 00:41:00.000000000
1008,0 days 00:41:00.000000000
1009,
1010,
1011,
1012,
1013,
1014,
1015,
1016,
1017,
1018,
1019,0 days 01:05:00.000000000
1020,0 days 01:03:00.000000000
1021,0 days 01:05:00.000000000
1022,0 days 01:03:00.000000000
1023,
1024,
1025,
1026,
1027,
1028,
1029,0 days 00:27:00.000000000
1030,
1031,
1032,
1033,
1034,
1035,
1036,
1037,
1038,0 days 00:49:00.000000000
1039,
1040,
1041,
1042,
1043,
1044,
1045,
1046,
1047,
1048,0 days 00:17:00.000000000
1049,
1050,
1051,
1052,
1053,
1054,
1055,
1056,
1057,
1058,0 days 00:59:00.000000000
1059,0 days 00:49:00.000000000
1060,0 days 00:39:00.000000000
1061,0 days 00:59:00.000000000
1062,0 days 00:49:00.000000000
1063,0 days 00:39:00.000000000
1064,
1065,
1066,
1067,
1068,
1069,
1070,
1071,
1072,
1073,
1074,
1075,
1076,
1077,
1078,
1079,
1080,
1081,
1082,
1083,
1084,
1085,
1086,
1087,
1088,
1089,
1090,
1091,
1092,
1093,
1094,
1095,
1096,
1097,
1098,
1099,
1100,
1101,0 days 00:45:00.000000000
1102,0 days 00:30:00.000000000
1103,0 days 00:45:00.000000000
1104,0 days 00:30:00.000000000
1105,0 days 00:45:00.000000000
1106,0 days 00:30:00.000000000
1107,0 days 00:45:00.000000000
1108,0 days 00:30:00.000000000
1109,0 days 00:45:00.000000000
1110,0 days 00:30:00.000000000
1111,0 days 00:45:00.000000000
1112,0 days 00:30:00.000000000
1113,0 days 00:45:00.000000000
1114,0 days 00:30:00.000000000
1115,0 days 00:45:00.000000000
1116,0 days 00:30:00.000000000
1117,0 days 00:45:00.000000000
1118,0 days 00:30:00.000000000
1119,0 days 00:45:00.000000000
1120,0 days 00:30:00.000000000
1121,0 days 00:45:00.000000000
1122,0 days 00:30:00.000000000
1123,0 days 00:45:00.000000000
1124,0 days 00:30:00.000000000
1125,0 days 00:45:00.000000000
1126,0 days 00:30:00.000000000
1127,0 days 00:45:00.000000000
1128,0 days 00:30:00.000000000
1129,0 days 00:45:00.000000000
1130,0 days 00:30:00.000000000
1131,0 days 00:45:00.000000000
1132,0 days 00:30:00.000000000
1133,0 days 00:45:00.000000000
1134,0 days 00:30:00.000000000
1135,0 days 00:45:00.000000000
1136,0 days 00:30:00.000000000
1137,0 days 00:29:00.000000000
1138,0 days 00:51:00.000000000
1139,0 days 00:35:00.000000000
1140,0 days 00:29:00.000000000
1141,0 days 00:51:00.000000000
1142,0 days 00:35:00.000000000
1143,0 days 00:29:00.000000000
1144,0 days 00:51:00.000000000
1145,0 days 00:35:00.000000000
1146,0 days 00:29:00.000000000
1147,0 days 00:51:00.000000000
1148,0 days 00:35:00.000000000
1149,0 days 00:29:00.000000000
1150,0 days 00:51:00.000000000
1151,0 days 00:35:00.000000000
1152,0 days 00:29:00.000000000
1153,0 days 00:51:00.000000000
1154,0 days 00:35:00.000000000
1155,0 days 00:29:00.000000000
1156,0 days 00:51:00.000000000
1157,0 days 00:35:00.000000000
1158,0 days 00:29:00.000000000
1159,0 days 00:51:00.000000000
1160,0 days 00:35:00.000000000
1161,0 days 00:29:00.000000000
1162,0 days 00:51:00.000000000
1163,0 days 00:35:00.000000000
1164,0 days 00:29:00.000000000
1165,0 days 00:51:00.000000000
1166,0 days 00:35:00.000000000
1167,0 days 00:29:00.000000000
1168,0 days 00:51:00.000000000
1169,0 days 00:35:00.000000000
1170,0 days 00:29:00.000000000
1171,0 days 00:51:00.000000000
1172,0 days 00:35:00.000000000
1173,
1174,
1175,0 days 00:44:00.000000000
1176,0 days 00:32:00.000000000
1177,0 days 00:49:00.000000000
1178,0 days 00:44:00.000000000
1179,0 days 00:32:00.000000000
1180,0 days 00:49:00.000000000
1181,
1182,
1183,
1184,
1185,
1186,
1187,
1188,0 days 00:39:00.000000000
1189,0 days 00:54:00.000000000
1190,
1191,
1192,
1193,
1194,
1195,
1196,
1197,
1198,
1199,
1200,
1201,
1202,
1203,
1204,
1205,0 days 00:25:00.000000000
1206,0 days 00:25:00.000000000
1207,0 days 00:25:00.000000000
1208,0 days 00:25:00.000000000
1209,
1210,
1211,
1212,
1213,
1214,
1215,
1216,
1217,
1218,
1219,
1220,
1221,
1222,
1223,
1224,
1225,
1226,
1227,
1228,
1229,
1230,
1231,
1232,0 days 00:55:00.000000000
1233,0 days 00:55:00.000000000
1234,
1235,
1236,
1237,
1238,
1239,
1240,
1241,
1242,
1243,
1244,
1245,
1246,
1247,
1248,0 days 00:59:00.000000000
1249,0 days 01:05:00.000000000
1250,0 days 00:47:00.000000000
1251,0 days 00:34:00.000000000
1252,0 days 00:59:00.000000000
1253,0 days 01:05:00.000000000
1254,0 days 00:47:00.000000000
1255,0 days 00:34:00.000000000
1256,0 days 00:59:00.000000000
1257,0 days 01:05:00.000000000
1258,0 days 00:47:00.000000000
1259,0 days 00:34:00.000000000
1260,0 days 00:59:00.000000000
1261,0 days 01:05:00.000000000
1262,0 days 00:47:00.000000000
1263,0 days 00:34:00.000000000
1264,0 days 00:59:00.000000000
1265,0 days 01:05:00.000000000
1266,0 days 00:47:00.000000000
1267,0 days 00:34:00.000000000
1268,0 days 00:59:00.000000000
1269,0 days 01:05:00.000000000
1270,0 days 00:47:00.000000000
1271,0 days 00:34:00.000000000
1272,0 days 00:59:00.000000000
1273,0 days 01:05:00.000000000
1274,0 days 00:47:00.000000000
1275,0 days 00:34:00.000000000
1276,0 days 00:59:00.000000000
1277,0 days 01:05:00.000000000
1278,0 days 00:47:00.000000000
1279,0 days 00:34:00.000000000
1280,
1281,0 days 00:48:00.000000000
1282,0 days 00:48:00.000000000
1283,
1284,
1285,
1286,
1287,
1288,
1289,
1290,
1291,
1292,
1293,
1294,
1295,
1296,
1297,
1298,
1299,
1300,
1301,
1302,
1303,
1304,0 days 00:41:00.000000000
1305,0 days 00:41:00.000000000
1306,
1307,
1308,
1309,
1310,0 days 00:50:00.000000000
1311,0 days 00:38:00.000000000
1312,0 days 00:50:00.000000000
1313,0 days 00:38:00.000000000
1314,
1315,
1316,
1317,
1318,
1319,
1320,
1321,
1322,
1323,0 days 00:18:00.000000000
1324,
1325,
1326,
1327,
1328,
1329,
1330,
1331,
1332,
1333,
1334,
1335,
1336,
1337,0 days 00:40:00.000000000
1338,0 days 00:47:00.000000000
1339,0 days 00:57:00.000000000
1340,0 days 00:59:00.000000000
1341,0 days 00:40:00.000000000
1342,0 days 00:47:00.000000000
1343,0 days 00:57:00.000000000
1344,0 days 00:59:00.000000000
1345,0 days 00:40:00.000000000
1346,0 days 00:47:00.000000000
1347,0 days 00:57:00.000000000
1348,0 days 00:59:00.000000000
1349,0 days 00:40:00.000000000
1350,0 days 00:47:00.000000000
1351,0 days 00:57:00.000000000
1352,0 days 00:59:00.000000000
1353,0 days 00:40:00.000000000
1354,0 days 00:47:00.000000000
1355,0 days 00:57:00.000000000
1356,0 days 00:59:00.000000000
1357,0 days 00:40:00.000000000
1358,0 days 00:47:00.000000000
1359,0 days 00:57:00.000000000
1360,0 days 00:59:00.000000000
1361,
1362,
1363,
1364,
1365,
1366,0 days 00:32:00.000000000
1367,0 days 00:32:00.000000000
1368,
1369,
1370,
1371,
1372,
1373,
1374,0 days 01:12:00.000000000
1375,0 days 01:12:00.000000000
1376,0 days 01:12:00.000000000
1377,
1378,
1379,
1380,
1381,
1382,
1383,
1384,
1385,
1386,
1387,
1388,
1389,
1390,
1391,
1392,0 days 00:50:00.000000000
1393,0 days 00:49:00.000000000
1394,0 days 00:42:00.000000000
1395,0 days 00:46:00.000000000
1396,0 days 00:09:00.000000000
1397,0 days 00:09:00.000000000
1398,0 days 00:09:00.000000000
1399,0 days 00:09:00.000000000
1400,
1401,
1402,
1403,
1404,
1405,
1406,
1407,
1408,
1409,
1410,
1411,
1412,
1413,
1414,
1415,
1416,
1417,
1418,
1419,
1420,
1421,
1422,
1423,
1424,
1425,
1426,
1427,
1428,
1429,
1430,
1431,
1432,
1433,0 days 00:44:00.000000000
1434,0 days 00:34:00.000000000
1435,
1436,
1437,
1438,
1439,
1440,
1441,
1442,
1443,
1444,
1445,
1446,
1447,
1448,
1449,
1450,
1451,0 days 00:35:00.000000000
1452,0 days 00:13:00.000000000
1453,
1454,0 days 00:33:00.000000000
1455,
1456,
1457,
1458,
1459,
1460,
1461,
1462,
1463,
1464,
1465,
1466,
1467,
1468,
1469,
1470,
1471,
1472,
1473,
1474,
1475,
1476,
1477,
1478,
1479,
1480,
1481,
1482,
1483,
1484,
1485,
1486,
1487,
1488,
1489,
1490,
1491,
1492,
1493,
1494,
1495,
1496,
1497,
1498,
1499,
1500,
1501,
1502,
1503,
1504,
1505,
1506,
1507,
1508,
1509,
1510,
1511,
1512,
1513,
1514,
1515,
1516,
1517,0 days 00:57:00.000000000
1518,0 days 00:48:00.000000000
1519,0 days 00:56:00.000000000
1520,0 days 00:48:00.000000000
1521,0 days 00:56:00.000000000
1522,0 days 00:48:00.000000000
1523,0 days 00:56:00.000000000
1524,0 days 00:48:00.000000000
1525,0 days 00:56:00.000000000
1526,0 days 00:48:00.000000000
1527,0 days 00:56:00.000000000
1528,0 days 00:48:00.000000000
1529,0 days 00:56:00.000000000
1530,
1531,
1532,
1533,
1534,
1535,
1536,
1537,
1538,
1539,
1540,
1541,
1542,
1543,
1544,
1545,
1546,
1547,
1548,
1549,
1550,
1551,
1552,
1553,
1554,
1555,
1556,
1557,
1558,
1559,
1560,
1561,
1562,
1563,
1564,
1565,
1566,
1567,
1568,
1569,
1570,
1571,
1572,
1573,
1574,
1575,
1576,
1577,
1578,0 days 01:07:00.000000000
1579,0 days 00:31:00.000000000
1580,0 days 01:07:00.000000000
1581,0 days 00:31:00.000000000
1582,0 days 01:07:00.000000000
1583,0 days 00:31:00.000000000
1584,0 days 01:07:00.000000000
1585,0 days 00:31:00.000000000
1586,0 days 01:07:00.000000000
1587,0 days 00:31:00.000000000
1588,
1589,
1590,
1591,
1592,
1593,
1594,
1595,
1596,
1597,
1598,
1599,
1600,
1601,
1602,
1603,
1604,
1605,
1606,
1607,
1608,
1609,
1610,
1611,
1612,
1613,
1614,
1615,
1616,
1617,
1618,
1619,
1620,
1621,
1622,
1623,
1624,
1625,
1626,
1627,
1628,
1629,
1630,
1631,
1632,
1633,
1634,
1635,
1636,
1637,
1638,
1639,
1640,
1641,
1642,
1643,0 days 00:46:00.000000000
1644,
1645,
1646,
1647,
1648,
1649,
1650,
1651,
1652,
1653,
1654,
1655,
1656,
1657,
1658,
1659,
1660,
1661,
1662,
1663,
1664,
1665,
1666,
1667,
1668,
1669,
1670,
1671,
1672,
1673,
1674,
1675,
1676,
1677,
1678,
1679,
1680,
1681,
1682,
1683,
1684,
1685,
1686,
1687,
1688,0 days 00:54:00.000000000
1689,0 days 01:01:00.000000000
1690,0 days 00:41:00.000000000
1691,
1692,
1693,
1694,
1695,
1696,
1697,
1698,
1699,
1700,
1701,
1702,
1703,
1704,
1705,
1706,
1707,
1708,
1709,
1710,
1711,
1712,
1713,
1714,0 days 01:10:00.000000000
1715,
1716,
1717,
1718,
1719,
1720,
1721,
1722,
1723,
1724,
1725,
1726,
1727,
1728,
1729,
1730,
1731,
1732,
1733,
1734,
1735,
1736,
1737,0 days 00:46:00.000000000
1738,
1739,
1740,
1741,
1742,
1743,
1744,
1745,
1746,
1747,
1748,
1749,
1750,
1751,
1752,
1753,
1754,
1755,
1756,
1757,
1758,
1759,
1760,
1761,
1762,
1763,
1764,
1765,
1766,
1767,0 days 01:02:00.000000000
1768,
1769,
1770,
1771,
1772,
1773,
1774,
1775,
1776,
1777,
1778,
1779,
1780,
1781,
1782,
1783,
1784,
1785,
1786,
1787,
1788,0 days 00:26:00.000000000
1789,
1790,
1791,
1792,0 days 00:48:00.000000000
1793,0 days 00:55:00.000000000
1794,0 days 00:56:00.000000000
1795,0 days 00:48:00.000000000
1796,0 days 00:55:00.000000000
1797,0 days 00:56:00.000000000
1798,
1799,
1800,
1801,
1802,
1803,
1804,
1805,
1806,
1807,
1808,
1809,
1810,0 days 01:01:00.000000000
1811,0 days 01:01:00.000000000
1812,0 days 01:01:00.000000000
1813,0 days 01:01:00.000000000
1814,
1815,
1816,
1817,
1818,
1819,
1820,
1821,
1822,
1823,
1824,
1825,
1826,
1827,
1828,
1829,
1830,
1831,
1832,
1833,
1834,
1835,
1836,
1837,
1838,
1839,
1840,
1841,
1842,
1843,
1844,
1845,
1846,
1847,
1848,
1849,
1850,
1851,
1852,
1853,
1854,
1855,0 days 00:43:00.000000000
1856,0 days 00:43:00.000000000
1857,0 days 00:43:00.000000000
1858,0 days 00:43:00.000000000
1859,0 days 00:43:00.000000000
1860,0 days 00:43:00.000000000
1861,0 days 00:43:00.000000000
1862,0 days 00:43:00.000000000
1863,0 days 00:43:00.000000000
1864,
1865,
1866,
1867,
1868,
1869,
1870,
1871,
1872,
1873,
1874,
1875,
1876,
1877,
1878,
1879,
1880,0 days 00:56:00.000000000
1881,0 days 00:56:00.000000000
1882,0 days 00:56:00.000000000
1883,
1884,0 days 00:39:00.000000000
1885,0 days 00:39:00.000000000
1886,
1887,
1888,
1889,
1890,
1891,
1892,
1893,
1894,
1895,
1896,
1897,
1898,
1899,
1900,0 days 01:17:00.000000000
1901,0 days 00:50:00.000000000
1902,0 days 01:06:00.000000000
1903,0 days 01:17:00.000000000
1904,0 days 00:50:00.000000000
1905,0 days 01:06:00.000000000
1906,0 days 01:17:00.000000000
1907,0 days 00:50:00.000000000
1908,0 days 01:06:00.000000000
1909,0 days 01:17:00.000000000
1910,0 days 00:50:00.000000000
1911,0 days 01:06:00.000000000
1912,0 days 01:17:00.000000000
1913,0 days 00:50:00.000000000
1914,0 days 01:06:00.000000000
1915,0 days 01:17:00.000000000
1916,0 days 00:50:00.000000000
1917,0 days 01:06:00.000000000
1918,
1919,
1920,
1921,
1922,
1923,
1924,
1925,
1926,
1927,
1928,
1929,
1930,
1931,
1932,
1933,
1934,0 days 00:27:00.000000000
1935,0 days 00:27:00.000000000
1936,
1937,
1938,
1939,
1940,
1941,
1942,
1943,
1944,
1945,
1946,
1947,
1948,0 days 00:47:00.000000000
1949,0 days 00:37:00.000000000
1950,
1951,
1952,
1953,0 days 01:12:00.000000000
1954,0 days 00:58:00.000000000
1955,0 days 01:12:00.000000000
1956,0 days 00:58:00.000000000
1957,
1958,0 days 00:36:00.000000000
1959,0 days 00:47:00.000000000
1960,0 days 00:36:00.000000000
1961,0 days 00:47:00.000000000
1962,
1963,
1964,
1965,
1966,
1967,
1968,
1969,
1970,
1971,
1972,0 days 00:41:00.000000000
1973,0 days 00:50:00.000000000
1974,0 days 01:00:00.000000000
1975,0 days 00:41:00.000000000
1976,0 days 00:50:00.000000000
1977,0 days 01:00:00.000000000
1978,
1979,
1980,
1981,
1982,
1983,
1984,
1985,
1986,
1987,
1988,0 days 01:01:00.000000000
1989,
1990,
1991,
1992,
1993,
1994,
1995,
1996,
1997,
1998,
1999,
2000,
2001,
2002,
2003,
2004,
2005,
2006,
2007,
2008,
2009,
2010,
2011,
2012,
2013,
2014,
2015,
2016,
2017,
2018,
2019,
2020,
2021,
2022,
2023,
2024,
2025,
2026,
2027,
2028,
2029,
2030,
2031,
2032,
2033,
2034,
2035,0 days 00:25:00.000000000
2036,
2037,
2038,
2039,
2040,
2041,
2042,0 days 00:47:00.000000000
2043,0 days 01:06:00.000000000
2044,0 days 00:51:00.000000000
2045,0 days 00:47:00.000000000
2046,0 days 01:06:00.000000000
2047,0 days 00:51:00.000000000
2048,0 days 00:47:00.000000000
2049,0 days 01:06:00.000000000
2050,0 days 00:51:00.000000000
2051,0 days 00:47:00.000000000
2052,0 days 01:06:00.000000000
2053,0 days 00:51:00.000000000
2054,0 days 00:47:00.000000000
2055,0 days 01:06:00.000000000
2056,0 days 00:51:00.000000000
2057,0 days 01:14:00.000000000
2058,0 days 01:14:00.000000000
2059,0 days 01:14:00.000000000
2060,0 days 01:14:00.000000000
2061,0 days 01:14:00.000000000
2062,0 days 01:14:00.000000000
2063,0 days 01:14:00.000000000
2064,0 days 01:14:00.000000000
2065,0 days 01:14:00.000000000
2066,0 days 01:14:00.000000000
2067,0 days 01:14:00.000000000
2068,0 days 01:14:00.000000000
2069,
2070,
2071,
2072,
2073,
2074,
2075,
2076,
2077,
2078,
2079,
2080,
2081,
2082,
2083,
2084,0 days 00:46:00.000000000
2085,0 days 00:45:00.000000000
2086,0 days 00:57:00.000000000
2087,0 days 00:51:00.000000000
2088,0 days 00:46:00.000000000
2089,0 days 00:45:00.000000000
2090,0 days 00:57:00.000000000
2091,0 days 00:51:00.000000000
2092,
2093,
2094,
2095,
2096,
2097,
2098,
2099,
2100,
2101,
2102,
2103,
2104,
2105,
2106,
2107,
2108,
2109,
2110,
2111,
2112,
2113,
2114,
2115,
2116,
2117,
2118,
2119,
2120,
2121,
2122,
2123,0 days 00:31:00.000000000
2124,
2125,
2126,
2127,
2128,
2129,
2130,0 days 00:54:00.000000000
2131,0 days 00:49:00.000000000
2132,0 days 00:40:00.000000000
2133,
2134,
2135,
2136,
2137,0 days 00:43:00.000000000
2138,0 days 00:58:00.000000000
2139,
2140,
2141,
2142,
2143,
2144,
2145,
2146,
2147,0 days 00:47:00.000000000
2148,0 days 00:53:00.000000000
2149,0 days 00:47:00.000000000
2150,0 days 00:53:00.000000000
2151,0 days 00:47:00.000000000
2152,0 days 00:53:00.000000000
2153,0 days 00:47:00.000000000
2154,0 days 00:53:00.000000000
2155,0 days 00:47:00.000000000
2156,0 days 00:53:00.000000000
2157,0 days 00:47:00.000000000
2158,0 days 00:53:00.000000000
2159,0 days 00:47:00.000000000
2160,0 days 00:53:00.000000000
2161,0 days 00:47:00.000000000
2162,0 days 00:53:00.000000000
2163,0 days 00:47:00.000000000
2164,0 days 00:53:00.000000000
2165,0 days 00:47:00.000000000
2166,0 days 00:53:00.000000000
2167,
2168,
2169,
2170,
2171,
2172,
2173,
2174,
2175,
2176,
2177,
2178,
2179,
2180,
2181,
2182,
2183,
2184,
2185,
2186,
2187,
2188,
2189,
2190,
2191,
2192,
2193,
2194,
2195,
2196,
2197,
2198,
2199,
2200,
2201,
2202,
2203,
2204,
2205,
2206,
2207,
2208,
2209,
2210,
2211,
2212,
2213,
2214,
2215,
2216,0 days 00:18:00.000000000
2217,0 days 00:18:00.000000000
2218,0 days 00:18:00.000000000
2219,0 days 00:18:00.000000000
2220,0 days 00:18:00.000000000
2221,0 days 00:18:00.000000000
2222,0 days 00:18:00.000000000
2223,0 days 00:18:00.000000000
2224,
2225,
2226,0 days 00:34:00.000000000
2227,0 days 00:34:00.000000000
2228,0 days 00:52:00.000000000
2229,
2230,
2231,
2232,
2233,
2234,0 days 00:54:00.000000000
2235,0 days 00:54:00.000000000
2236,
2237,
2238,
2239,
2240,
2241,
2242,
2243,
2244,
2245,
2246,
2247,
2248,
2249,
2250,
2251,
2252,
2253,
2254,
2255,
2256,
2257,
2258,
2259,
2260,
2261,
2262,
2263,
2264,
2265,0 days 00:55:00.000000000
2266,0 days 00:38:00.000000000
2267,0 days 00:35:00.000000000
2268,0 days 00:51:00.000000000
2269,0 days 00:55:00.000000000
2270,0 days 00:38:00.000000000
2271,0 days 00:35:00.000000000
2272,0 days 00:51:00.000000000
2273,
2274,
2275,
2276,
2277,
2278,
2279,
2280,0 days 00:48:00.000000000
2281,0 days 00:48:00.000000000
2282,0 days 00:48:00.000000000
2283,0 days 00:48:00.000000000
2284,0 days 00:22:00.000000000
2285,0 days 00:35:00.000000000
2286,0 days 00:29:00.000000000
2287,0 days 00:32:00.000000000
2288,
2289,
2290,0 days 00:19:00.000000000
2291,
2292,
2293,
2294,
2295,
2296,
2297,
2298,
2299,
2300,
2301,
2302,
2303,
2304,
2305,
2306,
2307,
2308,
2309,
2310,
2311,
2312,
2313,
2314,
2315,
2316,
2317,
2318,0 days 00:52:00.000000000
2319,0 days 00:52:00.000000000
2320,
2321,
2322,
2323,
2324,
2325,
2326,
2327,
2328,
2329,
2330,
2331,
2332,
2333,
2334,
2335,
2336,
2337,
2338,
2339,
2340,
2341,
2342,
2343,
2344,
2345,
2346,
2347,
2348,0 days 00:31:00.000000000
2349,0 days 00:46:00.000000000
2350,0 days 00:31:00.000000000
2351,0 days 00:46:00.000000000
2352,0 days 00:31:00.000000000
2353,0 days 00:46:00.000000000
2354,
2355,
2356,
2357,
2358,
2359,
2360,
2361,
2362,
2363,
2364,
2365,
2366,
2367,
2368,
2369,0 days 00:42:00.000000000
2370,0 days 00:45:00.000000000
2371,
2372,
2373,
2374,0 days 00:45:00.000000000
2375,
2376,
2377,
2378,
2379,
2380,
2381,
2382,
2383,
2384,
2385,
2386,
2387,
2388,
2389,
2390,
2391,
2392,0 days 00:26:00.000000000
2393,0 days 00:26:00.000000000
2394,
2395,
2396,
2397,
2398,
2399,
2400,
2401,
2402,
2403,
2404,
2405,
2406,
2407,
2408,
2409,
2410,
2411,
2412,
2413,
2414,
2415,
2416,
2417,
2418,
2419,0 days 01:02:00.000000000
2420,0 days 00:52:00.000000000
2421,0 days 00:53:00.000000000
2422,
2423,
2424,
2425,
2426,
2427,
2428,
2429,
2430,
2431,
2432,
2433,
2434,
2435,
2436,
2437,
2438,
2439,
2440,0 days 00:30:00.000000000
2441,0 days 00:40:00.000000000
2442,0 days 00:45:00.000000000
2443,0 days 00:23:00.000000000
2444,0 days 00:30:00.000000000
2445,0 days 00:40:00.000000000
2446,0 days 00:45:00.000000000
2447,0 days 00:23:00.000000000
2448,0 days 00:30:00.000000000
2449,0 days 00:40:00.000000000
2450,0 days 00:45:00.000000000
2451,0 days 00:23:00.000000000
2452,0 days 00:30:00.000000000
2453,0 days 00:40:00.000000000
2454,0 days 00:45:00.000000000
2455,0 days 00:23:00.000000000
2456,0 days 00:30:00.000000000
2457,0 days 00:40:00.000000000
2458,0 days 00:45:00.000000000
2459,0 days 00:23:00.000000000
2460,0 days 00:30:00.000000000
2461,0 days 00:40:00.000000000
2462,0 days 00:45:00.000000000
2463,0 days 00:23:00.000000000
2464,0 days 00:30:00.000000000
2465,0 days 00:40:00.000000000
2466,0 days 00:45:00.000000000
2467,0 days 00:23:00.000000000
2468,0 days 00:30:00.000000000
2469,0 days 00:40:00.000000000
2470,0 days 00:45:00.000000000
2471,0 days 00:23:00.000000000
2472,0 days 00:30:00.000000000
2473,0 days 00:40:00.000000000
2474,0 days 00:45:00.000000000
2475,0 days 00:23:00.000000000
2476,0 days 00:30:00.000000000
2477,0 days 00:40:00.000000000
2478,0 days 00:45:00.000000000
2479,0 days 00:23:00.000000000
2480,
2481,0 days 00:14:00.000000000
2482,
2483,
2484,
2485,
2486,
2487,
2488,
2489,
2490,
2491,
2492,
2493,
2494,0 days 01:07:00.000000000
2495,0 days 00:59:00.000000000
2496,0 days 01:07:00.000000000
2497,0 days 00:59:00.000000000
2498,0 days 01:07:00.000000000
2499,0 days 00:59:00.000000000
2500,0 days 01:07:00.000000000
2501,0 days 00:59:00.000000000
2502,0 days 01:07:00.000000000
2503,0 days 00:59:00.000000000
2504,0 days 01:07:00.000000000
2505,0 days 00:59:00.000000000
2506,0 days 01:07:00.000000000
2507,0 days 00:59:00.000000000
2508,0 days 01:07:00.000000000
2509,0 days 00:59:00.000000000
2510,0 days 01:07:00.000000000
2511,0 days 00:59:00.000000000
2512,0 days 01:07:00.000000000
2513,0 days 00:59:00.000000000
2514,0 days 01:07:00.000000000
2515,0 days 00:59:00.000000000
2516,0 days 01:07:00.000000000
2517,0 days 00:59:00.000000000
2518,0 days 01:07:00.000000000
2519,0 days 00:59:00.000000000
2520,0 days 01:07:00.000000000
2521,0 days 00:59:00.000000000
2522,0 days 01:07:00.000000000
2523,0 days 00:59:00.000000000
2524,0 days 01:07:00.000000000
2525,0 days 00:59:00.000000000
2526,0 days 01:07:00.000000000
2527,0 days 00:59:00.000000000
2528,0 days 01:07:00.000000000
2529,0 days 00:59:00.000000000
2530,0 days 01:07:00.000000000
2531,0 days 00:59:00.000000000
2532,0 days 01:07:00.000000000
2533,0 days 00:59:00.000000000
2534,0 days 01:07:00.000000000
2535,0 days 00:59:00.000000000
2536,0 days 01:07:00.000000000
2537,0 days 00:59:00.000000000
2538,0 days 01:07:00.000000000
2539,0 days 00:59:00.000000000
2540,0 days 01:07:00.000000000
2541,0 days 00:59:00.000000000
2542,0 days 01:07:00.000000000
2543,0 days 00:59:00.000000000
2544,
2545,
2546,
2547,
2548,
2549,
2550,
2551,
2552,0 days 00:28:00.000000000
2553,0 days 00:40:00.000000000
2554,0 days 01:03:00.000000000
2555,0 days 00:40:00.000000000
2556,
2557,
2558,
2559,
2560,
2561,
2562,
2563,
2564,
2565,
2566,
2567,
2568,
2569,
2570,
2571,
2572,
2573,
2574,
2575,
2576,
2577,
2578,
2579,
2580,
2581,
2582,0 days 00:47:00.000000000
2583,0 days 00:47:00.000000000
2584,0 days 00:47:00.000000000
2585,0 days 00:47:00.000000000
2586,0 days 00:47:00.000000000
2587,0 days 00:47:00.000000000
2588,
2589,
2590,
2591,
2592,0 days 00:09:00.000000000
2593,0 days 00:28:00.000000000
2594,0 days 00:09:00.000000000
2595,0 days 00:28:00.000000000
2596,0 days 00:09:00.000000000
2597,0 days 00:28:00.000000000
2598,0 days 00:09:00.000000000
2599,0 days 00:28:00.000000000
2600,0 days 00:09:00.000000000
2601,0 days 00:28:00.000000000
2602,0 days 00:09:00.000000000
2603,0 days 00:28:00.000000000
2604,
2605,
2606,
2607,
2608,
2609,
2610,0 days 00:41:00.000000000
2611,0 days 00:55:00.000000000
2612,0 days 00:49:00.000000000
2613,0 days 00:59:00.000000000
2614,0 days 00:41:00.000000000
2615,0 days 00:55:00.000000000
2616,0 days 00:49:00.000000000
2617,0 days 00:59:00.000000000
2618,0 days 00:41:00.000000000
2619,0 days 00:55:00.000000000
2620,0 days 00:49:00.000000000
2621,0 days 00:59:00.000000000
2622,0 days 00:20:00.000000000
2623,0 days 00:20:00.000000000
2624,
2625,
2626,
2627,
2628,0 days 00:30:00.000000000
2629,0 days 00:29:00.000000000
2630,0 days 00:30:00.000000000
2631,0 days 00:29:00.000000000
2632,
2633,
2634,
2635,
2636,
2637,
2638,
2639,
2640,
2641,0 days 00:46:00.000000000
2642,
2643,
2644,
2645,0 days 00:32:00.000000000
2646,0 days 00:28:00.000000000
2647,0 days 00:11:00.000000000
2648,0 days 00:32:00.000000000
2649,0 days 00:28:00.000000000
2650,0 days 00:11:00.000000000
2651,0 days 00:32:00.000000000
2652,0 days 00:28:00.000000000
2653,0 days 00:11:00.000000000
2654,
2655,
2656,
2657,
2658,
2659,
2660,
2661,
